Ticker,Date/Time,Close P,Volume,Ty le tang trong ngay,Do bien KL,chieukhau_1thang,chieukhau_2thang,chieukhau_6thang,chieukhau_12thang,chieukhau_thoidai,MA_status,MA_status_up,MA_status_down,Earth3Dailystatus,Earth3Weeklystatus,Pice/MA20,Pice/MA200,So_ngay_tl,Price/BBTopdaily,Price/BBTopdaily,Pricevsbbband,PricevsMA,Earth3_Position,Earth3_Position_weekly,Earth3_Position_trend,Earth3_Position_Weekly_trend,BBandBot,BBandTop,BBbandBot_Wly,BBandTop_Wkl,fib1,fib2 P,fib3,fib4 P,fib5 P,MA20,MA100,MA200,pricevsFib,Mo_hinh_nen
BFC,4/10/2020,10.80,143300.00,0.0000,1.0194,-0.0526,-0.1184,-0.2494,-0.4285,-0.6824,1.00,0.00,0.00,1.0000,1.0000,0.0103,-0.2029,4.0000,-0.0354,-0.1457,0,0,74.04,13.20,1,1,9.82,11.20,10.06,12.64,10.98,10.66,10.41,10.15,9.78,10.69,11.86,13.55,0,
BID,4/10/2020,37.30,728920.00,-0.0106,-0.5129,-0.0171,-0.2989,-0.3279,-0.3279,-0.3279,1.00,0.00,0.00,2.0000,0.0000,0.0981,-0.0698,4.0000,-0.0464,-0.3850,0,0,96.66,6.66,0,1,28.86,39.12,29.32,60.65,36.45,35.12,34.05,32.98,31.45,33.97,43.63,40.10,0,/ndoji_standard
ANV,4/10/2020,16.45,169300.00,-0.0380,-0.1559,-0.0380,-0.1650,-0.3624,-0.4135,-0.4943,1.00,0.00,1.00,2.0000,1.0000,0.0862,-0.2809,2.0000,-0.0588,-0.3173,0,4,94.60,9.86,0,1,12.25,17.48,12.90,24.09,16.38,15.51,14.80,14.09,13.08,15.15,19.91,22.88,1,
AAA,4/10/2020,10.65,687160.00,-0.0229,-0.6039,-0.0448,-0.1992,-0.3129,-0.4304,-0.5789,1.00,0.00,0.00,1.0000,1.0000,0.0219,-0.2626,4.0000,-0.0475,-0.2267,0,0,83.06,8.11,1,1,9.46,11.18,9.67,13.77,10.88,10.56,10.30,10.04,9.67,10.42,12.40,14.44,0,
APC,4/10/2020,15.20,1780.00,-0.0065,-0.8759,-0.0065,-0.2000,-0.3214,-0.4685,-0.8326,1.00,0.00,0.00,2.0000,0.0000,0.0655,-0.2821,2.0000,-0.0168,-0.3220,0,0,94.32,7.47,1,1,12.65,15.46,12.83,22.42,15.26,14.80,14.43,14.05,13.52,14.27,18.43,21.17,0,
BCC,4/10/2020,5.80,183300.00,0.0000,0.0384,-0.0333,-0.1594,-0.2055,-0.3556,-0.8448,1.00,0.00,0.00,2.0000,1.0000,0.0432,-0.1918,3.0000,-0.0257,-0.2288,0,0,85.52,6.67,1,1,4.95,5.95,5.20,7.52,5.84,5.68,5.55,5.42,5.24,5.56,6.57,7.18,0,/ndoji_standard
BSR,4/10/2020,5.80,3236100.00,0.0000,-0.0080,-0.1714,-0.3012,-0.4314,-0.5504,-0.8147,0.00,0.00,0.00,1.0000,1.0000,-0.0085,-0.3546,4.0000,-0.0845,-0.3573,0,0,56.71,5.81,1,1,4.78,6.34,5.32,9.02,6.51,6.14,5.85,5.55,5.13,5.85,7.78,8.99,0,
BSI,4/10/2020,8.40,1540.00,0.0120,-0.7729,-0.0233,-0.1250,-0.1250,-0.1250,-0.3667,4.00,1.00,0.00,1.0000,1.0000,0.0075,0.1298,0.0000,-0.0356,-0.1530,0,0,43.50,34.17,0,0,7.92,8.71,7.25,9.92,8.63,8.40,8.22,8.03,7.77,8.34,8.04,7.43,0,
VNM,4/10/2020,99.10,673440.00,-0.0100,-0.6371,-0.0178,-0.1007,-0.2061,-0.2569,-0.4084,1.00,0.00,0.00,2.0000,0.0000,0.0542,-0.1509,4.0000,-0.0360,-0.2103,0,0,97.71,10.66,0,1,84.40,102.80,87.44,125.48,96.84,94.33,92.30,90.27,87.38,94.00,109.89,116.71,0,
BBC,4/10/2020,42.20,10.00,-0.0633,-0.9838,-0.1263,-0.2583,-0.3270,-0.3839,-0.6673,0.00,0.00,0.00,1.0000,0.0000,-0.0677,-0.2952,0.0000,-0.1204,-0.3338,0,0,22.46,1.36,0,0,41.36,47.98,41.32,63.35,48.52,46.99,45.75,44.51,42.75,45.26,55.26,59.88,0,/ndoji_standard
BMP,4/10/2020,40.00,164560.00,-0.0172,-0.1904,-0.0172,-0.1011,-0.2346,-0.2402,-0.5733,2.00,0.00,0.00,2.0000,1.0000,0.0998,-0.1297,3.0000,-0.0303,-0.1757,0,0,97.49,14.86,0,1,31.42,41.25,33.86,48.52,39.69,38.41,37.38,36.34,34.87,36.37,43.47,45.96,0,Bearish_Engulfing_Pattern
CSV,4/10/2020,18.65,16680.00,-0.0027,-0.8090,-0.0362,-0.1599,-0.1599,-0.3098,-0.4631,1.00,0.00,0.00,1.0000,1.0000,0.0043,-0.1486,6.0000,-0.0262,-0.1875,0,0,62.29,4.95,0,1,17.66,19.15,17.69,22.95,19.16,18.82,18.55,18.28,17.89,18.57,20.50,21.91,0,
CEO,4/10/2020,6.50,404400.00,-0.0152,-0.4214,-0.0714,-0.2614,-0.3229,-0.4091,-0.5692,0.00,0.00,1.00,1.0000,0.0000,-0.0091,-0.2935,4.0000,-0.0697,-0.3503,0,2,64.69,5.05,0,1,5.85,6.99,5.87,10.01,6.82,6.59,6.40,6.21,5.94,6.56,8.34,9.20,0,
BVH,4/10/2020,46.30,506690.00,-0.0191,-0.3232,-0.0314,-0.2258,-0.3675,-0.4666,-0.5593,1.00,0.00,0.00,2.0000,1.0000,0.1586,-0.3138,3.0000,-0.0864,-0.3918,0,0,97.13,12.98,0,1,30.02,50.68,32.46,76.12,45.52,42.99,40.95,38.91,36.00,39.96,59.01,67.47,0,
ACB,4/10/2020,19.90,1489700.00,-0.0050,-0.7010,-0.0995,-0.2519,-0.2519,-0.2519,-0.4910,0.00,0.00,0.00,1.0000,0.0000,-0.0080,-0.1357,0.0000,-0.0743,-0.2740,0,0,62.75,9.42,0,1,17.82,21.50,18.66,27.41,21.52,20.49,19.65,18.81,17.62,20.06,23.01,23.02,3,
BVS,4/10/2020,8.70,40900.00,-0.0225,-0.2733,-0.0333,-0.1553,-0.2018,-0.2291,-0.9323,1.00,0.00,0.00,2.0000,0.0000,0.0128,-0.1457,5.0000,-0.0505,-0.2147,0,0,88.89,6.57,0,1,7.92,9.16,8.08,11.08,8.79,8.60,8.45,8.30,8.08,8.59,9.68,10.18,0,
CII,4/10/2020,18.55,519220.00,0.0249,-0.4270,-0.1167,-0.2255,-0.2865,-0.2865,-0.5408,0.00,0.00,0.00,1.0000,0.0000,-0.0308,-0.1698,2.0000,-0.0677,-0.3143,0,0,23.18,2.06,0,1,17.64,19.90,17.43,27.05,20.47,19.86,19.38,18.89,18.19,19.14,22.46,22.34,5,
CTD,4/10/2020,53.40,107060.00,-0.0166,-0.3969,-0.0515,-0.2371,-0.2479,-0.5211,-0.7620,1.00,0.00,0.00,1.0000,1.0000,0.0328,-0.3042,3.0000,-0.0631,-0.2248,0,0,91.53,12.59,1,1,45.01,56.99,43.93,68.88,53.40,51.60,50.15,48.70,46.63,51.70,58.63,76.74,1,
CTI,4/10/2020,19.30,55720.00,-0.0302,-0.6830,-0.1147,-0.1479,-0.2122,-0.2461,-0.4892,0.00,0.00,0.00,0.0000,1.0000,-0.0884,-0.1547,1.0000,-0.1424,-0.1734,2,0,0.00,18.75,0,0,19.55,22.50,19.93,23.35,21.10,20.55,20.10,19.65,19.01,21.17,21.93,22.83,5,
CVT,4/10/2020,17.95,109330.00,0.0028,-0.4422,0.0028,-0.1286,-0.2040,-0.2490,-0.5256,2.00,0.00,0.00,2.0000,1.0000,0.1296,-0.1141,2.0000,-0.0177,-0.2144,3,3,100.00,14.03,0,1,13.71,18.27,14.70,22.85,17.44,16.85,16.38,15.90,15.22,15.89,19.41,20.26,0,inverted_Hammer
CTS,4/10/2020,5.97,50460.00,-0.0277,-0.5773,-0.1142,-0.1697,-0.2443,-0.3042,-0.6668,0.00,0.00,1.00,1.0000,0.0000,-0.0043,-0.2169,4.0000,-0.0757,-0.2457,0,2,59.96,9.02,1,1,5.21,6.46,5.59,7.91,6.32,6.05,5.84,5.63,5.33,6.00,7.05,7.62,0,
DCL,4/10/2020,20.25,350550.00,0.0686,0.8304,-0.0537,-0.1785,-0.3672,-0.3672,-0.3672,1.00,1.00,0.00,1.0000,0.0000,0.0312,-0.0005,3.0000,-0.0322,-0.2730,0,0,37.24,5.36,1,1,17.46,20.92,16.90,27.85,20.76,19.99,19.38,18.76,17.87,19.64,22.98,20.26,2,
CTG,4/10/2020,19.70,2689020.00,-0.0051,-0.6026,-0.1025,-0.2901,-0.2901,-0.2901,-0.4775,1.00,0.00,0.00,1.0000,0.0000,0.0114,-0.0935,4.0000,-0.0483,-0.3223,0,1,80.62,5.73,1,1,17.31,20.70,17.62,29.07,21.03,20.18,19.50,18.82,17.84,19.48,22.43,21.73,3,
DBC,4/10/2020,20.65,2041040.00,0.0429,1.6980,0.0429,0.0429,-0.0323,-0.0419,-0.2483,5.00,0.00,0.00,2.0000,1.0000,0.2800,0.0902,1.0000,0.0132,-0.0396,4,0,100.00,31.73,0,1,12.56,20.38,13.51,21.50,19.28,18.12,17.18,16.24,14.91,16.13,18.35,18.94,0,
DGC,4/10/2020,22.40,69600.00,-0.0044,-0.4774,-0.0175,-0.1040,-0.2170,-0.2910,-0.4866,1.00,0.00,0.00,2.0000,0.0000,0.0409,-0.1305,1.0000,-0.0245,-0.1559,0,0,84.24,10.00,1,1,19.33,22.96,20.56,26.54,22.68,21.86,21.20,20.54,19.60,21.52,24.33,25.76,0,
DCM,4/10/2020,6.30,403210.00,-0.0047,-0.4796,-0.0047,-0.0047,-0.1114,-0.1954,-0.4890,3.00,0.00,0.00,2.0000,1.0000,0.0978,-0.0716,1.0000,-0.0141,-0.0339,3,0,97.68,31.82,1,1,5.16,6.39,5.41,6.52,6.27,6.05,5.86,5.68,5.42,5.74,6.22,6.79,0,
DIG,4/10/2020,10.80,1009180.00,-0.0357,-0.4331,-0.0809,-0.2059,-0.2286,-0.2848,-0.7007,0.00,0.00,1.00,1.0000,0.0000,-0.0215,-0.1751,6.0000,-0.0538,-0.2422,0,2,46.70,3.61,1,1,10.29,11.41,10.33,14.25,11.45,11.14,10.89,10.63,10.28,11.04,12.65,13.09,0,
DXG,4/10/2020,9.14,862340.00,-0.0033,-0.5733,-0.1766,-0.3328,-0.4252,-0.4762,-0.6699,0.00,0.00,0.00,1.0000,1.0000,-0.0339,-0.3435,4.0000,-0.1238,-0.4018,0,0,48.42,4.96,1,1,7.56,10.43,8.25,15.28,10.33,9.74,9.26,8.77,8.09,9.46,12.59,13.92,0,
DHA,4/10/2020,27.55,10120.00,-0.0108,0.2391,-0.0967,-0.1523,-0.1523,-0.2161,-0.2161,0.00,0.00,0.00,0.0000,0.0000,-0.0366,-0.1175,4.0000,-0.0744,-0.1934,1,0,14.20,4.15,0,1,27.06,29.76,27.14,34.16,29.67,29.16,28.75,28.34,27.75,28.60,30.83,31.22,0,
FTS,4/10/2020,10.50,46610.00,0.0000,-0.2734,-0.2015,-0.2279,-0.2279,-0.2391,-0.3831,0.00,0.00,0.00,1.0000,0.0000,-0.0538,-0.1389,6.0000,-0.1120,-0.2408,0,0,27.80,4.57,1,0,9.62,11.82,10.02,13.83,12.15,11.62,11.20,10.78,10.17,11.10,12.01,12.19,0,
DHG,4/10/2020,88.70,28490.00,0.0195,-0.2463,0.0195,-0.1218,-0.1355,-0.1824,-0.2708,1.00,0.00,0.00,2.0000,1.0000,0.0947,-0.0516,1.0000,0.0025,-0.1369,4,0,98.16,13.11,0,1,73.96,88.48,77.35,102.77,85.62,83.09,81.05,79.01,76.10,81.03,91.17,93.52,0,
FCN,4/10/2020,8.09,111240.00,-0.0098,-0.8195,-0.0098,-0.1894,-0.3026,-0.4325,-0.6075,1.00,0.00,0.00,2.0000,1.0000,0.0984,-0.2624,3.0000,-0.0322,-0.2868,0,0,99.71,12.67,0,1,6.47,8.36,6.71,11.34,7.80,7.55,7.35,7.15,6.86,7.36,9.37,10.97,0,
EIB,4/10/2020,14.75,178110.00,-0.0296,-0.5881,-0.1168,-0.1667,-0.2175,-0.2175,-0.2175,0.00,0.00,0.00,0.0000,0.0000,-0.0558,-0.1415,9.0000,-0.0955,-0.2158,0,0,21.93,0.20,0,1,14.62,16.31,14.90,18.81,16.02,15.64,15.32,15.01,14.57,15.62,17.01,17.18,0,
FMC,4/10/2020,20.20,129730.00,-0.0146,0.2201,-0.0194,-0.2016,-0.2420,-0.2846,-0.2886,1.00,0.00,0.00,2.0000,1.0000,0.0828,-0.1871,3.0000,-0.0525,-0.3106,0,0,96.36,10.89,1,1,15.30,21.32,16.57,29.30,19.78,18.91,18.20,17.49,16.48,18.66,23.81,24.85,0,
DPM,4/10/2020,13.60,1035720.00,-0.0073,-0.0921,-0.0073,-0.0073,-0.0320,-0.1553,-0.6771,5.00,0.00,0.00,2.0000,1.0000,0.1317,0.0194,1.0000,-0.0175,0.0163,3,0,98.28,51.05,0,1,10.48,13.84,11.06,13.38,13.26,12.72,12.27,11.83,11.20,12.02,12.51,13.34,0,
GAS,4/10/2020,66.40,690650.00,-0.0090,-0.1698,-0.0090,-0.2497,-0.3880,-0.3880,-0.4689,1.00,0.00,0.00,2.0000,1.0000,0.1244,-0.2914,1.0000,-0.0163,-0.3820,3,0,96.91,6.51,0,1,51.39,67.50,49.51,107.45,64.29,62.30,60.70,59.10,56.81,59.06,85.15,93.70,0,
HDB,4/10/2020,20.00,1008300.00,-0.0315,-0.4554,-0.1304,-0.3322,-0.3322,-0.3322,-0.5998,0.00,0.00,1.00,2.0000,0.0000,-0.0032,-0.2460,5.0000,-0.0790,-0.4024,0,2,87.30,5.54,1,1,17.38,21.71,17.82,33.47,21.72,20.64,19.78,18.91,17.67,20.07,26.13,26.53,0,
FPT,4/10/2020,46.50,1025630.00,-0.0075,-0.5205,-0.0412,-0.1696,-0.2314,-0.2377,-0.2377,1.00,0.00,0.00,1.0000,0.0000,0.0179,-0.1283,4.0000,-0.0593,-0.2463,0,0,81.97,7.71,1,1,40.34,49.43,42.68,61.70,47.66,46.22,45.05,43.88,42.22,45.68,53.59,53.34,2,/ndoji_standard
HBC,4/10/2020,7.18,1220330.00,0.0000,-0.5989,-0.1553,-0.3729,-0.4091,-0.5353,-0.8168,0.00,0.00,0.00,1.0000,0.0000,-0.0060,-0.4048,4.0000,-0.0948,-0.4660,0,0,59.99,4.31,0,1,6.02,7.93,6.15,13.45,7.86,7.47,7.15,6.83,6.38,7.22,10.19,12.06,3,
HCM,4/10/2020,15.35,2130690.00,-0.0032,0.1380,-0.0032,-0.2005,-0.3913,-0.3913,-0.6270,1.00,0.00,0.00,2.0000,1.0000,0.1457,-0.2561,1.0000,-0.0340,-0.3633,0,0,98.24,9.27,0,1,10.64,15.89,11.33,24.11,14.66,13.92,13.33,12.73,11.88,13.40,19.14,20.63,0,
HVN,4/10/2020,22.05,2277320.00,0.0678,1.1627,0.0401,-0.2125,-0.3849,-0.4977,-0.6142,1.00,0.00,0.00,1.0000,0.0000,0.1160,-0.3319,0.0000,0.0176,-0.3931,4,0,81.37,5.10,1,1,17.24,21.67,15.93,36.33,20.98,20.31,19.77,19.24,18.47,19.76,28.53,33.01,1,
GIL,4/10/2020,16.00,41250.00,-0.0062,-0.3060,-0.0698,-0.2677,-0.2677,-0.4041,-0.5805,0.00,0.00,0.00,1.0000,0.0000,-0.0128,-0.2112,5.0000,-0.0742,-0.2407,0,0,58.16,3.14,0,1,14.97,17.28,14.40,21.07,16.88,16.43,16.08,15.72,15.20,16.21,17.84,20.28,0,
HDG,4/10/2020,20.15,143210.00,0.0000,-0.7295,-0.0313,-0.2880,-0.4047,-0.4422,-0.4422,1.00,0.00,0.00,2.0000,0.0000,0.0833,-0.3448,3.0000,-0.0348,-0.4189,0,0,98.71,5.96,1,1,15.63,20.88,15.93,34.67,19.48,18.81,18.27,17.74,16.97,18.60,27.33,30.75,0,
HPG,4/10/2020,18.55,3852620.00,0.0000,-0.5885,-0.0584,-0.2639,-0.2947,-0.2947,-0.4938,1.00,0.00,0.00,2.0000,1.0000,0.0251,-0.1662,4.0000,-0.0501,-0.3389,0,0,81.84,7.48,1,1,15.90,19.53,15.96,28.06,18.96,18.25,17.67,17.10,16.29,18.09,22.35,22.25,0,
HSG,4/10/2020,5.60,2771700.00,0.0000,-0.3406,-0.0953,-0.3285,-0.3764,-0.3764,-0.7848,1.00,0.00,0.00,2.0000,0.0000,0.0283,-0.2300,4.0000,-0.0695,-0.4297,0,0,74.55,5.70,1,1,4.48,6.02,4.67,9.82,5.87,5.58,5.35,5.11,4.78,5.45,7.47,7.27,2,
GMD,4/10/2020,16.65,189030.00,0.0091,-0.5173,-0.0177,-0.1858,-0.3353,-0.3920,-0.7306,1.00,0.00,0.00,1.0000,0.0000,0.0423,-0.2776,1.0000,-0.0207,-0.2959,0,0,79.17,5.41,1,1,14.68,17.00,14.22,23.65,16.47,16.02,15.65,15.28,14.76,15.98,20.48,23.05,1,
HT1,4/10/2020,12.30,60410.00,0.0293,-0.3572,-0.0160,-0.1633,-0.2090,-0.2171,-0.6211,1.00,0.00,0.00,1.0000,1.0000,0.0832,-0.1369,0.0000,0.0089,-0.2567,4,0,77.23,11.03,1,1,9.91,12.19,10.59,16.55,12.03,11.61,11.27,10.94,10.46,11.35,13.92,14.25,0,
IDI,4/10/2020,3.61,763240.00,-0.0500,-0.2452,-0.0861,-0.2031,-0.3388,-0.4120,-0.6707,1.00,0.00,0.00,2.0000,1.0000,0.0272,-0.2852,3.0000,-0.0950,-0.3421,0,0,84.18,9.33,1,1,2.81,3.99,3.06,5.49,3.69,3.50,3.35,3.20,2.98,3.51,4.56,5.05,0,
LDG,4/10/2020,4.80,2492420.00,-0.0264,-0.2967,-0.2615,-0.3064,-0.5224,-0.5897,-0.7308,0.00,0.00,0.00,1.0000,0.0000,-0.0805,-0.4262,1.0000,-0.1927,-0.4597,0,0,30.39,2.73,1,1,3.82,5.95,4.18,8.88,5.80,5.43,5.13,4.83,4.40,5.22,7.30,8.37,0,
KBC,4/10/2020,11.95,1619680.00,0.0042,-0.1512,-0.0478,-0.2033,-0.2691,-0.2691,-0.8938,1.00,0.00,0.00,2.0000,0.0000,0.0364,-0.1755,5.0000,-0.0518,-0.3017,0,0,83.78,11.38,0,1,10.24,12.60,10.61,17.11,11.99,11.61,11.30,10.99,10.56,11.53,14.25,14.49,0,
KSB,4/10/2020,14.55,981730.00,0.0393,0.1472,-0.1101,-0.2971,-0.2971,-0.4157,-0.7112,1.00,0.00,0.00,1.0000,1.0000,0.0619,-0.2407,0.0000,-0.0087,-0.2939,3,0,67.62,6.51,1,1,11.62,14.68,11.88,20.60,15.17,14.44,13.85,13.26,12.42,13.70,16.47,19.16,2,
LCG,4/10/2020,4.66,247150.00,-0.0127,-0.3662,-0.1796,-0.3455,-0.4459,-0.5100,-0.8386,1.00,0.00,0.00,1.0000,0.0000,0.0207,-0.3922,3.0000,-0.0625,-0.4640,0,0,65.38,4.91,1,1,3.75,4.97,3.80,8.69,5.13,4.84,4.61,4.38,4.04,4.57,6.84,7.67,3,
KDC,4/10/2020,15.40,316220.00,-0.0065,0.3244,-0.0941,-0.1676,-0.2568,-0.2909,-0.6306,0.00,0.00,0.00,1.0000,0.0000,-0.0158,-0.1745,4.0000,-0.0514,-0.2636,0,0,56.97,2.88,1,1,14.48,16.24,14.45,20.91,16.09,15.71,15.40,15.09,14.66,15.65,18.19,18.66,0,
KDH,4/10/2020,19.90,198810.00,-0.0050,-0.4853,-0.0808,-0.2134,-0.2657,-0.2684,-0.3330,1.00,0.00,0.00,1.0000,0.0000,0.0165,-0.1842,1.0000,-0.0169,-0.3064,0,1,58.76,3.95,1,1,18.04,20.24,18.04,28.69,20.56,19.97,19.50,19.03,18.36,19.58,24.43,24.39,3,
MBS,4/10/2020,9.40,22200.00,-0.0105,-0.6236,-0.0505,-0.2500,-0.3307,-0.3432,-0.5321,1.00,0.00,0.00,2.0000,0.0000,0.0398,-0.2486,5.0000,-0.0601,-0.3464,0,0,84.44,9.30,0,1,8.03,10.00,7.98,14.38,9.50,9.20,8.95,8.70,8.35,9.04,11.79,12.51,0,
IMP,4/10/2020,48.70,32220.00,-0.0020,-0.6255,-0.1225,-0.2145,-0.2145,-0.2145,-0.3113,1.00,0.00,0.00,1.0000,0.0000,0.0252,-0.0326,3.0000,-0.0507,-0.2356,0,0,66.83,8.87,1,0,40.22,51.30,41.08,63.71,52.02,49.56,47.58,45.59,42.76,47.51,52.42,50.34,0,/ndoji_standard
LAS,4/10/2020,5.10,25600.00,0.0000,-0.5900,-0.0893,-0.1356,-0.2609,-0.3377,-0.7327,0.00,0.00,0.00,1.0000,0.0000,-0.0304,-0.2048,8.0000,-0.0667,-0.2143,0,0,16.74,0.00,0,1,4.90,5.46,4.96,6.49,5.41,5.29,5.20,5.11,4.97,5.26,5.91,6.41,0,/ndoji_standard
MCH,4/10/2020,66.50,13900.00,-0.0104,-0.4768,-0.0514,-0.0514,-0.1910,-0.2204,-0.2727,2.00,0.00,0.00,1.0000,1.0000,0.1028,-0.0804,2.0000,-0.0760,-0.1180,0,0,88.11,30.84,0,1,50.31,71.97,55.99,75.39,65.67,62.87,60.60,58.33,55.11,60.30,68.17,72.31,0,
MPC,4/10/2020,20.30,69000.00,-0.0049,-0.0186,-0.0240,-0.1174,-0.1174,-0.4082,-0.5976,2.00,0.00,1.00,2.0000,1.0000,0.0565,-0.1285,3.0000,-0.0387,-0.1125,0,4,96.25,14.99,1,1,17.30,21.12,17.92,22.87,19.95,19.24,18.67,18.09,17.28,19.22,19.96,23.29,1,
MWG,4/10/2020,71.90,844140.00,-0.0151,-0.5249,-0.1156,-0.3499,-0.4008,-0.4383,-0.4383,1.00,0.00,0.00,2.0000,0.0000,0.0147,-0.3407,2.0000,-0.1002,-0.4753,0,1,76.55,5.95,1,1,57.49,79.91,58.87,137.04,78.99,74.65,71.15,67.65,62.66,70.86,102.59,109.06,3,
NVL,4/10/2020,51.60,141650.00,-0.0077,-0.7417,-0.0264,-0.0532,-0.1328,-0.1938,-0.3385,0.00,0.00,1.00,2.0000,1.0000,-0.0037,-0.1061,33.0000,-0.0147,-0.0975,0,2,84.61,10.04,0,1,51.33,52.37,50.59,57.17,52.08,51.51,51.05,50.59,49.93,51.79,54.77,57.72,2,
NKG,4/10/2020,5.22,284090.00,-0.0095,-0.7360,-0.1944,-0.4068,-0.4727,-0.4727,-0.8350,0.00,0.00,0.00,1.0000,0.0000,-0.0042,-0.2063,3.0000,-0.0631,-0.5156,0,2,45.89,3.25,1,1,4.37,5.57,4.21,10.78,6.01,5.70,5.45,5.19,4.84,5.24,7.08,6.58,4,
OIL,4/10/2020,6.50,889400.00,0.0000,0.7888,0.0000,-0.1096,-0.3564,-0.4583,-0.7314,1.00,0.00,0.00,2.0000,1.0000,0.0260,-0.3088,1.0000,-0.0248,-0.2195,3,0,72.92,6.57,1,1,6.00,6.67,5.85,8.33,6.59,6.40,6.25,6.10,5.88,6.34,7.75,9.40,2,
MBB,4/10/2020,15.70,5205920.00,-0.0063,-0.2746,-0.0819,-0.2847,-0.3247,-0.3333,-0.4368,1.00,0.00,0.00,2.0000,0.0000,0.0165,-0.2452,4.0000,-0.0569,-0.3715,0,0,80.48,5.83,1,1,13.49,16.65,13.87,24.98,16.78,16.09,15.52,14.96,14.17,15.44,20.13,20.80,0,
MSN,4/10/2020,61.40,1445720.00,0.0337,-0.4896,0.0337,0.0337,-0.1835,-0.2827,-0.4642,3.00,0.00,0.00,2.0000,1.0000,0.1864,-0.0819,1.0000,-0.0024,0.0260,3,0,100.00,42.03,0,1,43.47,61.55,45.58,59.84,58.70,56.35,54.45,52.55,49.85,51.75,55.83,66.88,1,
PLX,4/10/2020,40.60,1251270.00,0.0150,0.5107,0.0125,-0.1976,-0.2884,-0.3520,-0.4983,1.00,0.00,0.00,2.0000,0.0000,0.0730,-0.2424,1.0000,-0.0178,-0.3216,3,0,85.50,9.89,0,1,34.94,41.34,33.77,59.84,39.64,38.49,37.55,36.62,35.30,37.84,48.90,53.59,1,
NLG,4/10/2020,21.70,1395350.00,0.0046,0.3739,-0.0805,-0.1933,-0.2278,-0.2556,-0.3574,1.00,0.00,0.00,2.0000,0.0000,0.0482,-0.1827,2.0000,-0.0113,-0.2806,0,0,93.04,5.92,1,1,18.58,21.95,19.35,30.16,22.21,21.35,20.65,19.95,18.96,20.70,25.44,26.55,2,/ndoji_standard
POW,4/10/2020,8.60,2761510.00,-0.0126,-0.3443,-0.0337,-0.2110,-0.3745,-0.4342,-0.5169,1.00,0.00,0.00,2.0000,1.0000,0.0613,-0.2866,1.0000,-0.0323,-0.3015,0,0,86.32,7.99,1,1,6.87,8.89,7.35,12.31,8.79,8.42,8.12,7.82,7.39,8.10,10.71,12.05,0,
NNC,4/10/2020,43.50,670.00,0.0012,-0.9410,-0.0745,-0.1212,-0.1212,-0.1280,-0.1280,1.00,1.00,0.00,1.0000,0.0000,0.0014,-0.0803,13.0000,-0.0292,-0.1626,0,1,40.82,5.29,1,1,40.92,44.81,42.20,51.95,44.71,43.85,43.15,42.45,41.46,43.44,47.29,47.30,3,
PDR,4/10/2020,24.95,251440.00,-0.0080,-0.2223,-0.0216,-0.0477,-0.0734,-0.0734,-0.1129,0.00,0.00,1.00,1.0000,0.0000,-0.0061,-0.0173,23.0000,-0.0130,-0.0634,1,2,73.64,3.38,0,1,24.77,25.28,24.70,26.64,25.22,25.04,24.90,24.76,24.56,25.10,25.63,25.39,3,
PAC,4/10/2020,19.00,52650.00,0.0080,0.1168,-0.1038,-0.2017,-0.2636,-0.4517,-0.5921,1.00,1.00,0.00,1.0000,0.0000,0.0034,-0.2620,0.0000,-0.0727,-0.3021,0,0,42.55,5.93,1,1,16.23,20.49,17.46,27.22,20.07,19.37,18.80,18.23,17.43,18.93,23.22,25.74,3,
QNS,4/10/2020,24.80,129400.00,-0.0040,-0.5828,-0.0040,-0.1295,-0.1580,-0.2284,-0.5944,1.00,0.00,0.00,2.0000,1.0000,0.0743,-0.1051,4.0000,-0.0485,-0.1451,0,0,96.06,19.01,0,1,20.18,26.06,22.38,29.01,24.05,23.28,22.65,22.02,21.13,23.08,26.44,27.71,0,
PVD,4/10/2020,9.23,5795490.00,-0.0355,0.1408,-0.0355,-0.3188,-0.4389,-0.5051,-0.8766,1.00,0.00,0.00,2.0000,1.0000,0.1029,-0.3851,1.0000,-0.0545,-0.4661,0,0,95.87,7.16,1,1,6.59,9.76,6.67,17.29,9.05,8.60,8.24,7.89,7.37,8.37,13.01,15.01,1,
PNJ,4/10/2020,57.10,601570.00,-0.0155,-0.3453,-0.0855,-0.3176,-0.3658,-0.3658,-0.4147,1.00,0.00,0.00,2.0000,0.0000,0.0668,-0.2625,3.0000,-0.0459,-0.4396,0,0,95.52,6.13,0,1,45.34,59.85,45.96,101.88,57.28,54.75,52.70,50.66,47.75,53.52,76.11,77.43,0,
OPC,4/10/2020,49.30,50.00,-0.0698,-0.9638,-0.0698,-0.0698,-0.0698,-0.0698,-0.1414,5.00,0.00,0.00,2.0000,2.0000,0.0295,0.0570,0.0000,-0.0634,-0.0042,0,0,82.84,100.00,0,1,44.16,52.64,42.52,49.51,51.17,49.42,48.00,46.58,44.57,47.88,45.83,46.64,0,/ndoji_standard
PVS,4/10/2020,11.90,5234600.00,-0.0325,-0.0191,-0.0325,-0.2959,-0.3737,-0.4905,-0.7304,1.00,0.00,0.00,2.0000,0.0000,0.1142,-0.3354,1.0000,-0.0592,-0.4277,0,0,93.79,7.72,0,1,8.64,12.65,8.90,20.79,11.54,10.88,10.35,9.82,9.06,10.68,15.68,17.90,1,Bearish_Engulfing_Pattern
PVT,4/10/2020,9.12,742980.00,0.0133,-0.4802,-0.0617,-0.3319,-0.4905,-0.5043,-0.6290,1.00,0.00,0.00,2.0000,1.0000,0.0712,-0.4077,4.0000,-0.0398,-0.4891,0,0,94.77,5.29,0,1,7.26,9.50,6.74,17.85,9.08,8.75,8.48,8.20,7.81,8.51,13.78,15.40,1,
SAB,4/10/2020,143.50,18620.00,0.0250,-0.7360,-0.0433,-0.2504,-0.4222,-0.4913,-0.5538,1.00,0.00,0.00,2.0000,1.0000,0.0979,-0.3725,1.0000,-0.0060,-0.4349,3,0,99.34,4.95,1,1,111.09,144.37,102.15,253.96,143.21,137.15,132.25,127.35,120.38,130.71,194.08,228.69,1,
PVI,4/10/2020,30.70,611000.00,0.0000,1.3102,0.0000,-0.0466,-0.0525,-0.2286,-0.4174,2.00,0.00,0.00,1.0000,1.0000,0.0697,-0.0669,4.0000,-0.0341,-0.0885,0,3,98.89,33.12,0,1,25.52,31.78,27.73,33.68,29.48,28.66,28.00,27.34,26.40,28.70,30.87,32.90,0,
SCR,4/10/2020,4.14,688580.00,-0.0143,-0.7970,-0.0548,-0.2594,-0.3191,-0.3867,-0.7296,1.00,0.00,0.00,2.0000,1.0000,0.0177,-0.2668,4.0000,-0.0663,-0.3282,0,0,78.67,4.63,1,1,3.67,4.43,3.67,6.16,4.20,4.05,3.93,3.82,3.65,4.07,5.13,5.65,0,/ndoji_standard
SHS,4/10/2020,8.20,2636300.00,0.0933,0.7821,0.0933,-0.0353,-0.0465,-0.1800,-0.5509,5.00,1.00,0.00,2.0000,1.0000,0.2424,0.0314,0.0000,0.0425,-0.0395,4,0,97.22,21.13,1,1,5.25,7.87,6.06,8.54,7.54,7.13,6.80,6.47,6.00,6.60,7.39,7.95,0,
TCB,4/10/2020,16.80,1031820.00,-0.0059,-0.5875,-0.0795,-0.2941,-0.3253,-0.3320,-0.5376,1.00,0.00,0.00,1.0000,0.0000,0.0099,-0.2335,4.0000,-0.0491,-0.3730,0,0,72.82,5.54,1,1,14.85,17.67,14.95,26.80,17.48,16.81,16.27,15.74,14.97,16.64,21.59,21.92,0,
SLS,4/10/2020,48.00,100.00,0.0127,-0.9721,0.0127,-0.2615,-0.2615,-0.2615,-0.6468,4.00,0.00,0.00,2.0000,0.0000,0.1045,0.1576,0.0000,0.0002,-0.2278,4,0,100.00,9.53,1,1,38.02,47.99,32.09,62.16,45.81,44.15,42.80,41.45,39.54,43.46,45.76,41.46,0,/ndoji_standard
SHB,4/10/2020,17.60,3767700.00,0.0732,-0.5182,0.0732,0.0732,0.0732,0.0732,0.0570,5.00,0.00,0.00,1.0000,2.0000,0.3559,1.6619,0.0000,0.0311,0.0778,4,0,100.00,100.00,0,1,9.94,17.07,2.24,16.33,15.03,13.20,11.72,10.23,8.12,12.98,7.83,6.61,1,
SBT,4/10/2020,13.70,1100420.00,0.0148,-0.4430,-0.1965,-0.3801,-0.3801,-0.3801,-0.6359,0.00,0.00,0.00,1.0000,0.0000,-0.0004,-0.2253,4.0000,-0.0552,-0.4184,0,0,51.65,2.72,1,1,11.93,14.50,11.98,23.56,15.61,14.84,14.23,13.61,12.72,13.70,18.05,17.68,4,
TCM,4/10/2020,14.90,411680.00,-0.0261,-0.3750,-0.0261,-0.2819,-0.3110,-0.4643,-0.6551,1.00,0.00,0.00,2.0000,1.0000,0.1368,-0.2791,1.0000,-0.0235,-0.3776,0,0,99.07,9.17,0,1,10.54,15.26,11.12,23.94,14.46,13.82,13.30,12.78,12.04,13.11,17.94,20.67,0,
SSI,4/10/2020,13.30,2661410.00,0.0076,-0.2482,0.0076,-0.1333,-0.2874,-0.3753,-0.6740,2.00,0.00,0.00,2.0000,1.0000,0.1503,-0.2106,1.0000,-0.0146,-0.2607,3,3,98.96,11.91,0,1,9.50,13.50,10.35,17.99,12.65,12.06,11.58,11.11,10.43,11.56,14.89,16.85,0,/ndoji_standard
STB,4/10/2020,9.04,5710170.00,-0.0163,-0.4687,-0.1308,-0.2768,-0.2768,-0.2768,-0.6872,0.00,0.00,1.00,1.0000,0.0000,0.0000,-0.1419,4.0000,-0.0998,-0.2867,0,0,69.73,8.59,1,1,7.35,10.04,8.14,12.67,9.74,9.24,8.84,8.43,7.85,9.04,10.30,10.54,0,
REE,4/10/2020,30.45,831240.00,0.0201,0.2762,0.0050,-0.1038,-0.1592,-0.1942,-0.1997,1.00,0.00,0.00,2.0000,0.0000,0.0505,-0.0901,4.0000,-0.0166,-0.1702,3,0,91.58,10.19,1,1,26.83,30.96,27.32,36.70,29.92,29.19,28.60,28.01,27.17,28.99,32.78,33.47,1,
THG,4/10/2020,41.90,2630.00,-0.0164,-0.5573,-0.0217,-0.0958,-0.1145,-0.1145,-0.1145,2.00,0.00,1.00,2.0000,0.0000,-0.0016,0.0138,23.0000,-0.0320,-0.1022,0,2,85.21,5.99,0,1,40.33,43.29,40.38,46.67,42.54,41.94,41.46,40.98,40.29,41.97,42.88,41.33,0,
TDH,4/10/2020,6.83,695540.00,0.0074,-0.1641,-0.1232,-0.3369,-0.3647,-0.4212,-0.8844,1.00,0.00,0.00,2.0000,0.0000,0.0331,-0.2909,4.0000,-0.0387,-0.4350,0,0,80.56,4.90,1,1,5.73,7.11,5.77,12.09,7.09,6.82,6.60,6.37,6.05,6.61,9.23,9.63,2,
TNG,4/10/2020,11.90,963000.00,-0.0325,-0.0858,-0.1250,-0.2362,-0.2499,-0.4306,-0.4306,1.00,0.00,0.00,2.0000,1.0000,0.1258,-0.2352,1.0000,-0.0572,-0.3302,3,0,89.76,13.95,1,1,6.95,12.62,9.10,17.77,12.24,11.28,10.50,9.72,8.61,10.57,13.59,15.56,0,Bearish_Engulfing_Pattern
TLG,4/10/2020,29.60,32560.00,0.0350,-0.1488,-0.1307,-0.2484,-0.2925,-0.4717,-0.5918,1.00,1.00,0.00,1.0000,0.0000,0.0134,-0.3060,3.0000,-0.0467,-0.3366,0,0,58.10,5.16,1,1,25.78,31.05,26.33,44.62,32.01,30.84,29.90,28.96,27.61,29.21,37.05,42.65,4,
VCI,4/10/2020,17.60,1036680.00,0.0699,4.7343,-0.2090,-0.3781,-0.4824,-0.5125,-0.7876,1.00,1.00,0.00,1.0000,0.0000,0.0498,-0.4178,0.0000,-0.0216,-0.4883,0,0,47.50,4.30,1,1,13.80,17.99,14.22,34.39,20.16,19.02,18.10,17.18,15.87,16.76,26.78,30.23,0,/ndoji_standard
TV2,4/10/2020,54.00,17450.00,-0.0146,-0.7166,-0.1563,-0.2781,-0.3933,-0.4280,-0.4280,0.00,0.00,1.00,1.0000,0.0000,-0.0126,-0.3305,1.0000,-0.1212,-0.3985,0,2,39.83,4.05,1,0,45.30,61.45,46.95,89.78,61.73,58.53,55.95,53.37,49.69,54.69,72.91,80.65,4,
VHM,4/10/2020,67.70,335350.00,-0.0188,-0.6879,-0.0597,-0.2272,-0.3028,-0.3196,-0.3196,1.00,0.00,0.00,2.0000,0.0000,0.0678,-0.1987,3.0000,-0.0477,-0.3212,0,0,93.75,10.17,1,1,51.08,71.09,57.04,99.73,67.28,64.36,62.00,59.64,56.28,63.40,81.94,84.49,1,
VCG,4/10/2020,24.60,83500.00,-0.0040,-0.4949,-0.0199,-0.0391,-0.0955,-0.0955,-0.4450,0.00,0.00,1.00,2.0000,0.0000,-0.0026,-0.0539,31.0000,-0.0127,-0.0594,0,2,91.67,11.29,0,1,24.24,24.92,24.10,26.15,24.60,24.30,24.05,23.80,23.45,24.67,25.70,26.00,0,/ndoji_standard
VC3,4/10/2020,16.90,141300.00,-0.0059,-0.1816,-0.0059,-0.0059,-0.0398,-0.0765,-0.2295,5.00,0.00,0.00,2.0000,1.0000,0.0646,0.0657,4.0000,-0.0275,-0.0304,0,0,95.11,37.22,0,1,14.73,17.38,15.18,17.43,16.68,16.36,16.10,15.84,15.47,15.88,16.55,15.86,0,
VCS,4/10/2020,58.70,257900.00,-0.0134,-0.4723,-0.0217,-0.2171,-0.3071,-0.4444,-0.5358,1.00,0.00,0.00,2.0000,1.0000,0.0578,-0.2228,4.0000,-0.0507,-0.2345,0,0,92.85,11.80,0,1,49.37,61.83,51.09,76.68,58.11,56.20,54.65,53.10,50.90,55.49,68.69,75.53,0,
TRA,4/10/2020,53.00,220.00,0.0038,-0.9667,-0.0185,-0.1017,-0.1225,-0.1929,-0.5683,2.00,1.00,0.00,2.0000,1.0000,0.0582,-0.0929,3.0000,-0.0344,-0.1464,3,0,97.27,22.94,0,1,46.07,54.89,47.22,62.09,53.57,51.57,49.95,48.33,46.03,50.08,55.80,58.43,0,
VCB,4/10/2020,71.10,976920.00,0.0014,-0.3808,-0.0084,-0.2100,-0.2476,-0.2476,-0.2476,1.00,0.00,0.00,2.0000,0.0000,0.0887,-0.1238,1.0000,-0.0202,-0.3162,0,0,94.78,9.66,1,1,56.14,72.56,59.28,103.98,69.13,66.74,64.80,62.86,60.11,65.31,82.65,81.14,0,/ndoji_standard
VJC,4/10/2020,109.10,238810.00,0.0696,-0.3310,0.0592,-0.1684,-0.2638,-0.2638,-0.4098,1.00,0.00,0.00,1.0000,0.0000,0.0964,-0.1758,0.0000,0.0306,-0.3174,4,0,84.69,6.12,1,1,92.55,105.86,88.15,159.83,105.35,103.03,101.15,99.27,96.60,99.51,129.49,132.37,1,
VHC,4/10/2020,25.95,356840.00,-0.0317,-0.2781,-0.0317,-0.2792,-0.3624,-0.4346,-0.5181,1.00,0.00,0.00,2.0000,0.0000,0.1070,-0.3125,3.0000,-0.0470,-0.4189,0,0,94.84,6.80,0,1,19.14,27.23,19.02,44.65,25.75,24.67,23.80,22.93,21.68,23.44,34.08,37.75,1,
VN30F1M,4/10/2020,678.80,145881.00,-0.0021,-0.2053,-0.0470,-0.2213,-0.2757,-0.2801,-0.4239,1.00,0.00,0.00,2.0000,0.0000,0.0443,-0.2119,3.0000,-0.0389,-0.3217,0,0,92.34,7.79,1,1,566.49,706.31,592.48,1000.69,689.12,664.44,644.50,624.56,596.17,649.99,824.05,861.28,0,/ndoji_standard
VN30,4/10/2020,696.43,107803184.00,-0.0020,0.1922,-0.0317,-0.2008,-0.2532,-0.2628,-0.4086,1.00,0.00,0.00,2.0000,0.0000,0.0448,-0.1939,3.0000,-0.0270,-0.2989,0,0,93.73,6.29,1,1,595.77,715.78,615.40,993.36,693.11,675.05,660.45,645.85,625.07,666.57,828.07,863.97,1,/ndoji_standard
VPB,4/10/2020,18.75,2374640.00,-0.0027,-0.3973,-0.1685,-0.3490,-0.3490,-0.3490,-0.5622,0.00,0.00,0.00,1.0000,0.0000,-0.0421,-0.1171,4.0000,-0.1117,-0.3693,0,0,44.72,4.48,0,0,16.79,21.11,16.25,29.73,21.39,20.36,19.52,18.69,17.51,19.58,21.97,21.24,4,
VND,4/10/2020,11.35,728120.00,-0.0130,0.3709,-0.1530,-0.2118,-0.2483,-0.2677,-0.6428,0.00,0.00,0.00,1.0000,0.0000,-0.0456,-0.1901,1.0000,-0.0738,-0.2883,0,0,15.18,2.06,1,1,10.71,12.25,11.05,15.95,12.67,12.29,11.98,11.66,11.22,11.89,13.67,14.01,0,
VRE,4/10/2020,23.75,1285260.00,0.0021,-0.5996,-0.0186,-0.2578,-0.3272,-0.3667,-0.5090,1.00,0.00,0.00,2.0000,0.0000,0.1299,-0.2618,1.0000,-0.0100,-0.3805,3,0,100.00,7.58,1,1,16.86,23.99,18.13,38.34,22.71,21.60,20.70,19.80,18.53,21.02,29.93,32.17,0,/ndoji_standard
VIC,4/10/2020,94.10,433580.00,-0.0198,-0.6471,-0.0329,-0.1774,-0.2132,-0.2538,-0.2538,1.00,0.00,0.00,2.0000,1.0000,0.0769,-0.1713,4.0000,-0.0806,-0.2599,0,0,92.40,20.91,0,1,70.50,102.35,81.70,127.14,93.14,88.33,84.45,80.57,75.04,87.38,107.57,113.56,0,
VNINDEX,4/10/2020,759.17,215197440.00,-0.0015,-0.0704,-0.0131,-0.1930,-0.2504,-0.2593,-0.3696,1.00,0.00,0.00,2.0000,0.0000,0.0616,-0.1948,3.0000,-0.0215,-0.3000,0,0,97.75,6.98,1,1,634.01,775.83,655.99,1084.57,738.31,721.26,707.48,693.71,674.09,715.14,899.32,942.79,0,/ndoji_standard
BSQ,4/9/2020,21.00,20.00,0.0000,-0.9402,-0.1213,-0.1860,-0.2632,-0.2632,-0.3000,0.00,0.00,0.00,0.0000,1.0000,-0.0606,-0.1607,3.0000,-0.1399,-0.2325,0,0,0.00,6.41,0,1,19.90,24.42,19.44,27.36,22.97,22.21,21.60,20.99,20.11,22.35,24.71,25.02,0,/ndoji_standard
VIS,4/9/2020,22.00,0.00,0.0000,-1.0000,-0.0795,-0.1235,-0.1852,-0.2171,-0.6479,1.00,0.00,0.00,1.0000,1.0000,0.0059,-0.0592,6.0000,-0.0701,-0.1522,0,0,60.86,23.33,0,1,20.89,23.66,20.52,25.95,22.65,21.88,21.25,20.62,19.73,21.87,23.81,23.38,0,/ndoji_standard
